YearsExperience,Salary,Predictions
1.5,37731.0,40835.105908714744
10.3,122391.0,123079.39940819162
4.1,57081.0,65134.556260832906
3.9,63218.0,63265.36777220843
9.5,116969.0,115602.64545369372
8.7,109431.0,108125.89149919583
9.6,112635.0,116537.23969800596
4.0,55794.0,64199.96201652067
5.3,83088.0,76349.68719257976
7.9,101302.0,100649.13754469794
