YearsExperience,Predictions
1.5,40835.105908714744
10.3,123079.39940819162
4.1,65134.556260832906
3.9,63265.36777220843
9.5,115602.64545369372
8.7,108125.89149919583
9.6,116537.23969800596
4.0,64199.96201652067
5.3,76349.68719257976
7.9,100649.13754469794
